sentimen,Tweet
2,turut berbela sungkawa atas sekaratnya jiwa para berkerumun tertawa tawa di sempitnya ruang bahagia yang seharusnya luas ta
6,cowo yang jago drasex mana sini ngentot sama adek  luvian
4,Biasalah kalo pelakor banyak yang lbh ancur mukanya dari istri sah barang bagus pasti cepat laku karena pelakor jelek nggak laku makanya ngembat laki orang ya udah sama2 GATEL kok cocok wes 
2,jangan mudah menaruh hati sekalipun pada orang kamu anggap baik
6,aruna besok coba mie pontianak yuk lho kamu kan muslim kok makan makanan ga halal sih iya ga pake jilbab lagi g
4,Ga pantes dipanggil ustad org munafik ceramah sana sini org kelakuan sndr aja menzolimi istri sah nya dgn poligami diam2 kacian istri pertama nya ga tw malu istri keduanya hadeh klo ada yg msh manggil dia bwt ceramah namanya bodo
4,Dan dengan begonya dia bilang apanya yang sama yaaa liriknya aja tentang percintaan gitu kok lagu saya bener2 tolol si ayu Ga punya kuping apa y orang yg dipermasalahin nadanya
4,Intinya yg kamu katakan itu lawan katanya intine lekno matamu aku bajingan kuwe yo bajingan podo wae rak usah kakean aliby intine podo
6,Darurat Dunia Peradilan Indonesia pengadilan negeti pun jadi tempat ajang kebencian SARA itu si terdakwa seiman hakim atau bukan jika seiman ringan hukumannya jika beda agama hukum seberat beratnya kecuali sogok pake duit pengadilan indonesia brengsek \xf0\x9f\x98\x81\xf0\x9f\x98\x81
2,sudah saatnya mengundurkan diri dari jika masih punya rasa malu anda tidak terlihat serius dan t
0,nanti malam ada undangan opening di hungerbelt spazio temani aku laaaahhh siiisssss
1,yuk netweetjen dibantu
4,Badan gendut tapi pede banget pake baju terbuka gitu Mau nampilin lemaknya ya Diet woy diet
1,Setuju bgt sama apa yg di ingkapkan Anggota Komisi 3 DPR RI Makanya pak Jokowi berkomitmen tuk tegakkan hukum tanpa pandang bulu agar demi keadilan dn kehidupan yg lebih baik
2,Wkwkwkwk tai ociy ociy kangen sama junev jangan jahat sama ka jendeuk ngesend meme ciy jangan nyebut dia mulu dasar jomblo ociy udah move on dah ya hehehe
6,Hauahahaha muke banci kecoa kafir 
3,kartu axis kaya kunyuk
1,Tak lupa Kepala Kejaksaan Negeri Tana Toraja memberi ucapan selamat datang kepada Jaksa Fungsional yang baru bertugas pada Kejari Tana Toraja Semoga dengan bertambahnya personil semakin meningkatkan Pelayanan dan Penegakan Hukum kepada para pencari keadilan
6,anjirr wkwkwk yesus jd kucing
3,astagfirullah komnas ham jokowi dan kompas bohong besar tentang pembangunan infrastruktur di papua
0,Persamaan kamu dan skripsi adalah skripsi itu tugas akhir kamu pasangan terakhir
1,aku nk walk in ajelah senang
3,DPR DPRD jancok asu aanjing babi kontol jembut bajingan bangsat tempek gendeng taeeekkk banci
4,Dlu inul goyang ngebor baju ketat dcekal Hrs ny ni jg dg sgja goyang dada mulu suara ga sbrpa Mrsk moral ank muda yg nnton bawaannya nafsu aja nanti
2,sedih gua baru sadar emakin lama gua main rp semakin tua dan semakin tampak membosankan gua emakin ga asik lagiem
3,jokowi ga becus
0,lecturer aku suruh tampal note kat tempat yang aku selalu tengok tak kan aku nak tampal kat muka crush pulak
1,guys aku jumpa ayat yang berguna untuk digunakan time korang tengah putus asa sabar terbahagi kepada dua iaitu sabar
2,bobotol goblok ga lawan ga kawan dibunuh juga
0,penulisan ini salah coba liat teman2 kamu yang sudah skripsi ini saya contoh dari mereka bu lah saya engga teliti berarti
1,aku dah tahu macam mana nak bagi pengantin gelak natural hahahahahahahahahahaha
3,pendukung bosan bingung presiden jokowi begitu cepat krja nya kemaren minggu pagi diolo jogja langsung palu b
6,Selama ribuan tahun sejak zaman para nabi gelandangan pesakitan tidak diperhatikan para raja Keadilan kesejahteraan tidak akan pernah turun hingga rakyat jelata Hukum tidak pernah sama untuk semua bulu domba yg hendak dikorbankan Bencana kemanusiaan selalu ada di depan kita
4,Yang Anti FPI Cuma Mereka Pecinta Maksiat Seperti Bani Bipang 
0,x de adab betul budak ni pinjam buku aku
4,Prabowo pengecut menuduh elit goblok dan maling secara serampangan  Klo jantan dia hrs menyebut nama orangnya klo tdk berani berarti banci  kemungkinan yg dia maksud semua ketum partai lawan politiknyahahaha salam 1 periode
0,yg selama ini nunggun video dari aku nih retweet yg mau full
6,Jangan dibahas dong udah paham aja kan di kaum mereka hal hal kayak gitu udah biasa Gak ngerti aturan kitab suci sih kita sebagai makhluk beragama gak usah ngelawan nanti sama bodohnya kayak kaum mereka
1,aku sendiri jugaaa yuk barengan
4,Setelah gw lihat ig bam ternyata netizen malaysia masih kalah barbar buat tegakin keadilan dibanding indo wkwk masih  lah kira2 kalo indo bahhhh hukum sosialnya ngewri wak di bom ribuan komen dah ampe kena mental kalo bisa
4,HEH GEMBEL GUE MULAI NYANYI DULUAN YA LU NGERAPPNYA TAR AJA KALO UDAH LOLOS AUDISI YG ENTERTAINMENT USER
2,sedih itu gak papa tapi jangan lama lama ya karena setelah kesedihan itu kamu harus dapatkan kebahagiaan lagi
5,improvisasi itu lagual Quran itu tafsir masak susah mikir gituan murotal itu improv Tilawatil Quran itu improv raut mukamu itu tafsir cara kentutmu itu tafsir cara ngentot aja tafsir cara kawin itu tafsir ngaji yg bener
2,mo nangisetiap ngeliat ini tu knp mereka gasuruh dia berdiri gemes
0,Testi jasa joki tugas Tugas Olah Data SPSS dan intrepretasi lengkap untuk skripsi yuk yang butuh bantuan jasa tugas bisa langsung ketuk DM atau langsung whatsapp nomor di bio yah
6,Gw sejak akil baliq 07 tahun Islam Diperlakukan tidak adil Gw bilang pernah Bacot elo pernah bikin gak adil umat Islam
1,temen temen yg ada di jatinangor dan sekitarnya bisa tolong dibeli ya jualan bapak ini beliau jual kain lap keset dsb
1,diremes di enyot ngedusel dusel di nenen kamu wah mantap
3,jokowi tidak becus
6,mu ngapa gue ngikutin beritanya bencong bencong itu yaelah
1,gt tuhan yesus berkata aku dapat menggantikan rasa frustasi di hatimu dengan damai sejahtera mbml
1,cnta kmu ke aku tuh kyk fto albm tau g dbalk2 ttp aj g brbh sma ky km yg g prnh brbh untk mnjdi yg trbaik untk aku
2,dari dulu emang kurang begitu suka nunggu termasuk antre eh apalagi tambah lapar dan ngantuk kalau udah begitu
3,pemerintah gabisa atur negara
0,cara outin diri sendiri gimana sih yang bisa outin aku aku bayar deh g
6,di agama lo nyembah nya siapa sih masa Tuhan lahirnya dikandang domba
1,hihihihi look at the face lepaskan aku tak nak kau bau ikan bagi aku mandikan dulu namau nameow catsoftwit
4,Betul tul tul krn dia tuh sbnrnya sudah dilupakan rakyat jd cari sensasi Kasian banget RT USER Prabowo makin panik Prabowo makin membabi buta Serang siapa saja Elite politik dikatakan goblog dan bermental malingKritik tdk ada konsep Kritik tdk terarah
1,Setiap manusia tanpa terkecuali memiliki Hak Asasi Manusia Sudah seharusnya HAM dijamin secara penuh oleh negara Karena HAM adalah hak dasar setiap manusia di bumi Pemerintah RI selalu berupaya menciptakan keadilan hukum bagi seluruh masyarakat Dukung Selalu
5,Halaah PKI Sebut org lain bikin rusuh padahal cuitannya sendiri sudah ngajak ribut pea Tolol 
5,kalo lo ga apus itu post ntar bakal gw report akun lo
6,ada perek yang imagine nya liar Yg longrep gak cuma desah doang Mau gue mainin memeknya Langsung follback ya
1,iya lucu emang dia aku temenan di ig
3,BUMN rugi terus lebih baik dibubarkan
0,terdengar perbualan budak sekolah aku nk amik a level aku nk amik asasi asasi lagi ok dari matrik kan aa
2,gue mau speak up tapi ntar yg ada malah dinyinyirin bgst bener kata orang kita bisa liat sifat asli seseorang dgn
3,Pemerintahan bodoh
0,tak kisah pun bf ade kawan perempuan sebab aku pun ade kawan laki tapi kalau over nak ngadu nak cite itu ini send ga
2,pelik bila kawan aku kat office bertudung tapi tak pernah solat ada kawan perempuan tak bertudung dan merokok tapi
2,abis liat gini masih mau bucin tolol kyk kemaren gw emosinya ke elu ya bel 
2,TIDAK BISA DIBIARKAN SIAPAPUN DIA TANGKAP SEGERA BANGSAT2 ITU SEMUA PROSES HUKUM ADILI DAN TEGAKKAN KEADILAN SALAH PENJARAKAN SAJA MANUSIA BIADAB ITU SIAPAPUN DIA HUKUM HARUS DITEGAKKAN SEKALIPUN DIA BUPATI GUBERNUR ATAUPUN PRESIDEN DAN KELUARGA NYA httpstcobzlUd06yvr
1,okay but the bahasa melayu names for our malaysian birds selalu buat aku mudah terhibur contohnya burung berek ber
2,kabeh ae gaes jawabane ngene apa urusan anda menanyakan hal itu emplok en kui cocot mu
6,islam berisik
4,Jadi yang saling marah marah itu adalah si Syamsudin sama si Ari Aku juga sedang ada Katanya sih si Syamsudin mabuk Jadinya goblog kayak wasit
3,aneh jika kader golkar sejati memihak jokowi anti prabowoama saja kader golkar itu durhaka sama orang tua krna tergoda
3,TERUS KALIAN MAU KASIH CAP APA KE PAK PRESIDEN JOKOWI PAK JK KARENA MEREKA NAMPANG FOTO BERSAMA UTUSAN TALIBAN INI DASAR TOLOL POLA PIKIR PECAH BELAH BANGSA
1,Setuju Byk yg korupsi Keadilan tidak tercipta Hukum berat sebelah Pengusaha nakal nyaman bahagia Indonesia Tanpa PDIP
4,Pantesan di tinggalin laki ya lakinya juga mikir kali kalau perempuannya kaya gni Ngurus diri aja dia gak becus gimana ngurus anak mending anak sama bapake nya aja bener didiknya
3,Karena partaimu pdip itu bajingan
2,biasa yang biadab dan berjawatan tinggi tu dia dah rasa dia kat atas sgt sampai lupa pandang bawah fa biasanya la
2,sepakat ini dibawa ke jalur hukum penghinaan dan fitnah sdh dicapture kali aja
1,buat dong aku kan juga istrinya daniel
4,Gua sbnrnya paling males bagian yg ini Hadeh tp kudu ye Buat admin bangsat gua cuma kenal jirapuncel sama xogentot awalnya orangnya humoris goblok otaknya setengah hadeh homoan nih org dua
2,kom8amsu niang sulsel2 uu asn memang yg jd kendala pernah gabungan komisi rapat amp merumuskan
6,yesus bohong jangan dipercaya
1,kelak jika aku menjadi orang tua yang akan ku lakukan adalah meyakinkan anak ku nak percaya sama ayah tidur siang itu men
0,sebenarnya ramai sifu2 property approach aku utk join kelas investment et cemua cerita beli rumah murah dan sewakan
6,BAPA GOBLOG BGT DIANCUK PICEK KONYOL YANG ANJING JIANCUK ANCUK PICEK SEKARAT DIAMPUT TELEK PEJUH SIWUK KOTANG SIWUK IDIOT KEPARAT PICEK TELEK PEJUH SIWUK KOTANG SIWUK IDIOT KEPARAT PICEK TELEK PEJUH SIWUK KOTANG SIWUK IDIOT KEPARAT PICEK TELEK PEJUH SIWUK KOTANG SIWUK
4,Iya betul Gubernur sebelumnya kan cuman bisa cari sensasi yang bikin cebong girang seperti ngomong tai  anjing  nenek dibentak bentak
6,Namanya anak buah iblis muslim taat dimusuhi muslim bermaksiyat dipuji puji Pembela negeri dia benci penjilat asing dia hormati
4,Intinya kalau kesel dengan ATT nya gausah ke anaknya juga Kasian buat perkembangan psikis anak kedepannya Itu orang bener bener tolol skrg seandainya dia punya anak terus anaknya dikatain sama orang yang benci sama dia gimana perasaan dia  Benci sama seseorang boleh tapi harus tau batesnya  toh namanya manusia gaakan semua jadi penyuka pasti ada haters
2,plot twist anjir
0,Tanpa penjelasan Tifatul Sembiring pun yg membela Edi Mulyadi PKS sdh terusir dari Kalimantan Termasuk koalisinya HTI FPI pa 212 Dayak Kalimantan Mandau Indonesia Tanpa PKS Bubarkan PKS TangkapEdyMulyadi TangkapAzamKhan CNN Indonesia GELORA NEWS
4,Kalo tolol tuh coba jangan di tunjukin ke orang malu
6,HUAHAHAHA KAFIR PLONGA PLONGO NIH MUKE BANCI SALON 
3,Oh elo polisi ya Pantes ngomong goblok gini  Kalo ngga bisa kerja mending resign aja daftar jadi preman
0,aku ingatkan habanero paling pedas rupanya ada 10 kali ganda yg lagi pedas gila
2,Aku nak Zahid serta bodyguard yg berkenan memohon maaf secara terbuka diatas kekasaran terhadap Uncle tersebut Tindakan tersebut tersangatlah biadab Sebagai pemimpin anda patut menunjukkan contoh yg baik akhlak yg baik Nak jd gengster biar bertempat
5,Gawat mending siapin bom bunuh diri aja masih ada stock nggk
5,Awas kalau kamu lapor ya saya bunuh kamu
2,inalillahi wainailaihi rojiun manajemen persija turut berduka cita atas meninggalnya salah satu jakmania haring gairil
0,hi semuanya aku adain give away nih give away nya album bts yg love yourself answers yey cukup follow dan retwee
6,Penistaan agama Yesus Tuhan kok disalib sih kan dia manusia kenapa bisa jadi Tuhan
1,aryana tolong bukak mata besar besar pilihlah syafiq biarlah sofea bahagia bersama adrian pls laaaaaaaa murungnya aku kal
4,Hadeh GajetotGak jelas ngentot
6,Woiii GOBLOG kalo Produk Kafir Anjing macam lu gak boleh dipake Muslim ngapain dipromosikan ke negara muslim TOLOL nih orang Kebanyakan nelen Sperma Cebong lu ya Muka tampang copet banyak bacot lu Amplas dulu gih muka pake parutan biar gantengan dikit kayak Babi
5,kalo kamu percaya tuhan ngapain kamu percaya sama peramal toh tuhan yang ngatur semuanya tapi klo emg
6,Dasar muka tai babi loh mau tenar agama di bawa1 Klw berani jgn share di medsos Umat siapa pun klw agama nya di hina1 pasti marah besar Dgn mudah nya langsung minta maaf Ayo FPI buruh dan cari orang ini buat kasih pelajaran BelaIslam*
2,maaf ya salah ga sih gua geli dan ga suka liat rp cewe menel sana sini pansos sombong mandang folls bahkan gender
6,BENCONG TREAK BENCONG
6,nabi nabi diislam palsu
2,anda fix saingan saya
0,jumat malam bersama 2 kawan di dalam mobil menuju sebwah apartemen diurabaya barat b gaes sorry ya aku dan a k
3,Pemerintah megang kendali utama dalam hukum di Indonesia tapi kok mereka juga yang melanggar paling sering Anggaran dipake sebanyak mungkin untuk senangsenang pas rapat paripurna tidur kayak liburan Minta anggaran ini itu naik buat apa Ya buat kantong sendiri lah nyampe ke rakyat cuma sekian persen doang
1,ya allah ya tuhanku kau lindungilah kedua ibu bapaku disaat aku berjauhan dengan mereka
0,aku juga dong mbaknya link kalo jepang main
2,ya memang sih ada yg pesimis dgn blg lah ngomong doang mah gampang tp anak muda kan sering diremehin dan banyak pre
4,Ini siapa sih si enji hartis kah  Males banget jijik laki model beginian mah gak ada tanggung jwbnya Ayu bunting di tinggalin anak gak di akuin skrg anak udh nongol bilqis cantek eh sampek bini nya ngeposting yg seolah enji kangen anaknya Najonggg jijik betoll Dah deh min gak usah di bahas lagi laki macam begini hartis aja bukan gak ada panutan yg bisa di ambil <USERNAME>
3,Pejabat negeri yang kerjanya kayak babi tidur makan
1,cantik boleh la confess kat crush peluang kena reject tu senipis sel epidermis bawang je tang aku ni kalau confess hmm
4,Heran gw mak <USERNAME> knp dia masih aja di pake ma AN*V di pesbu**r Kasus ny bederet skandal bertubi2 Gk ada malu ny  muka tembok  sangat gak ada faedah ny nonton acara yg ada si manusia kardus ini
1,buatlah cita cita kamu setinggi bintang di langit tetapi jangan lupa untuk membuat anak tangga perencanaannya cendekia bijak
6,aku sendiri akui Jesus Kristus tapi aku tidak suka caranya  Bikin org banyak yg percaya padanya hidup miskin dan menderita  Hmm brengsek Tuhan
0,mana gampaang aku nanya dulu tauu
4,Eh jongos cba gue duluan yg nanya sm lu  emng nyonyiah ada gembar gembor udah nikah adakah nyonyiah ngaku udeh nikah  Dr pada tetehlu yg lonte perek itu tiba brojol dan ngaku nikah siri sm laki nyonyiah dan hamidun sapeak anak ilegal dibilng FITNA KEJI haha lonte menolak lupa xixix  <USERNAME>
0,dan terjadi lagidi zaman yang modern dengan segala teknologi yang ada maaih ada manusia sialan yang menggunakan pangkat dan jabatan untuk memperbudak manusia lainnya goblok tolol
4,Ya gak aneh sih kalau gerombolan yang satu ini mengaku paling agamis tapi mulut nya sampah Rekam jejak nya aja simpatisan FPI dan HTI Ayo Pak Polisi segera angkap Edy Kadrun
1,Anda dan saya adalah pilihan dari tuhan Tuhan Yesus menciptakan tangannya sendiri maka kita perlu hindari dari kejahatan apa pun yang membuat dosa 
6,Luh anak monyet sllu bawa1 agama kalo bicara politik harus tau wawasan wwsn luh dangkal jdi kalo di sosmed luh bcranya sektariannizrm  pemecah belah masalah umat dan beragam suku dan ras agama bicara para kecebong makar wong panglima gatot ajah gak ada kaitannya makar 101
0,bukan beria nk kahwin sbb gatal celah kangkang tp penat bila balik kg org anggap aku ni bujang takde kerja and ser
0,threado as promised aku nk citer pengalaman aku ambik teh kurus pil kurus it was 2013 2014 mcm tuince everyone was s
3,MANUSIA SIALAN PEMERINTAH TAI
2,Dia itu pelacur saya yakin dia tau madatori itu biadab tapi tetep dukung duitnya bayak sih
2,perut apa perut itu
5,Hukum adatnya Semoga ya Cincang jdi 30 potong kecil Amputasi setengah badan Multilasi leher melingkar 10 cm Sayat jantung Iris hati Gw dukung Kalo bs bakar rijik hekal martabak nopel dkk Sklian dieksekusi
5,gua lempar bom lo ya
4,Bencong macem Ivan lo percaya hadeuhh kaka ny jd pelakor aja bangga  ya iyalah dia blg idup go sah jujur1 amat dese hobi boboin lekong mulu saban ke bali
3,Statistik lu gembel PKS itu partai gurem kursinya cuma secuil di pemerintahan pantes sedikit koruptornya Tapi kalo di persentasikan ya jumlahnya sama aja
5,Anj lh bgst rasa mau gw bunuh tu orng
3,musuh jokowi akan tetap serang jokowi siapapun cawapresnya dan akan tetap dukung siapapun lawan jokowi kalo gak m
5,liat aja ntar malem bakal abis lu sama gua
0,kau dah tak streak dengan aku pun
0,aku di rumah aja adalah anagram dari besok malam minggu
0,makan tido makan tido hari ni aku mereput je la kat rumah hadap diorang ni haih
2,perasaan sedih marah kecewa itu mengganggu dan menyakitkan namun disaat yang bersamaan perasaan ini juga memberi pesan
6,duh rindu gesekan kontol doi ke memek
4,Najis apa lagi d philipine biasa bgt kalid sana aj bangga jd perusak moral ko bangga najis banget liat nya ckp d sini aj komen ny dia pngn ngetop lwt nitezerrre wkwkwk ngarep laku
5,Mental itu selalu minta mobil rantis minta dikawal polisi Sayang banget tuh bis ga dilempar molotov ye kayak di jl gatsumental itu bikin nazar nikah sama monyet  Terus  Mental itu ngerusak stadion gbk Aset negara Terus ada yg dapet proyekan dari kementrian lol
1,aku doakan lelaki yang tengah kerja cari duit untuk pasangan masing masing diberikan kesihatan dan dimurahkan rezekiemo
3,siapa lagi yang anggup berbuat eperti ini kalau bukan pki buat temen aktivis 2019 ganti presiden tetap ting
0,aku tambah lagi ia
4,kuliah aja tinggi tapi otak di dengkul
6,Bencong jam segini lagi ganti daleman
5,kenapa ya gw pgen sumpahin para penjarah penjarah di palu itu biar kena musibah harusnya sgera sadar tuhan sudah
6,Dasar bencong
5,ya bunuh lah anjinggg
5,gua bunuh lo ya
6,Kalau Khalifah bagaimana Prof  Kan sudah sunatullah pastinya  Tuhan tidak menunjuk malaikat maka dari itu ada yang iri hati dan nggak setuju kemudian dinamakan Iblis Tugas manusia sbg Khalifatullah untuk mengambil Hikmah kebijaksanaan dari keduanya \xf0\x9f\x98\x8c\xf0\x9f\x98\x8c\xf0\x9f\x98\x8c\xf0\x9f\x98\x81\xf0\x9f\x98\x81\xf0\x9f\x98\x81\xf0\x9f\x98\x81\xf0\x9f\x98\x81
0,aku mohon tepatilah janjimu penantian cinta eps19
4,Hahaha kasian ya gak becus jadi peremharus ngerebut laki orang dulu biar dikata perempuan Dasar perempuan tak sadar diri ente cuy
2,sekarang syurga bawah tapak kaki bini bini cakap kurang ajar pun mu still diam sbb apa sbb yurga
1,ntar kalo nulis skripsi jangan sampek ada nama ku lo diskripsi mu padahal ngerjakan baru sampek proposal masih ada revisi tapi udah di wanti wanti gitu yaAllah ada ada aja mas wkwkv
0,Tertampar tweet sendiri Aku hilang motivasi ngerjain skripsi Kepala udah penuh
3,Yaaelah chat aja loe urusin noh yg dah keliatan mesum anggota DPR pd mingkem yg nyata selingkuh 7th kalian pura1 budek bong 100 gk nyampe otaknya
3,Karna cebong bukan ahli bully yg ahli bully itu gerombolan kampret panik yg sampai skrg blm menemukan sosok yg pas pengganti jokowi Itu artinya jokowi wajib 1 periode
0,karena aku kepo 11 13 20
0,20 thn aku pengen nikah umur 23 sm orang yang gini gini gini 23 thn blm ada yg nglamar 24 thn si
0,ada penjual suruh tebuk lubang kecik ja tahan lebih 30 hari aku dh nk dekat 3 bulan x hb
3,cuplikan video mungkin hoax mendagri cahyo kumolo alfamart alfamart itu tolong di buka di jaga di inventarisir ngambil
2,Tolol bgt sih
4,jangan sombong tau hey manusia itu sumber bau diantaranya  bau kaki bau itu bau udel bau ketek congean korong cileuh bau kepala dan bau mulut  bau karbit jengkoleun comberan dan bangke
5,Kalau kamu ga nurutin aku tunggu nanti pas kamu pulang sekolah
2,knp sih suporteran pasti identik sm tawuran bbrp kali nonton sepak bola langsung di stadion sebenernya gk begitu e
5,Ayo tangkap  jerat manusia yang  merendahkan  suku Dayak Potong Leher nya 
6,baru la berbaloi dengan penat lelah aku yang kerja macam kuli batak tapi gaji ciput plus kena mengadap customers ya
2,saudara sebangsa dan setanah air apaan malah saling menyakiti
0,berarti aku bener dong jawab cowok dapet 2jt nggak nih
2,kalian mungkin ada yg anti atau benci k pop tp coba deh dengerin pidato salah satu member bts ini suka atau tidak mau k
6,ada perek yang mau dimainin memeknya Yang lo ngrep ya
5,Ini gila si bener bener biadab pelakunya gak pantes lagi di sebut manusia Hukum Mati juga rasanya blm cukup buat gantiin kesalahan nya
3,Tak Bisa Bawa Marwah Keadilan PN Surabaya Disemprot Mahkamah Agung 
1,selesaikan skripsi mu SUPRISE 
2,dimanakah pembelaan disaat orang meminta perlindungan dimanakah kasih disaat orang berteriak karena ketidak adilan
3,jokowi jancuk
6,Hendro priyono agama nya apa ya pak Faisal
3,Kalau gini mreka pasti pura1 budek KH Maruf Prabowo Jangan Cuma Bikin Gaduh VIVA URL
3,nanti kalo dibuka bantuan internasional ada isu kristenisasi yg dituduh jokowi lagi udah jangan politisasi bencana
5,Dari dulu kadrun Sukanya memecah belah persatuan Indonesia Si Edy Mulyadi dan para kroco kroconya itu sebenarnya itu disuruh sama Mafia dan koruptor jaman orba Untuk melindungi harta Karun mereka yang mau diusik oleh pemerintah pusat Mereka ini menggunakan kadrun yang goblok https://tco/GXiNdZ7d5a
0,yg aku butuh interaksi dari 95l 99l yuk yg line segitu kuy mutualan nanti ku follow tapi auto followback ok rt aja
6,daritadi nungging sambil mainin memek sange bgt cuy
4,Kenapa pak prabowo suka kampanye negatif kampungan dan menggelikan
6,adzan sangat mengganggu dan berisik
4,Tanggapi Kesaksian Eks Laskar FPI Makassar Aziz Yanuar Pendapatnya itu Menjerumuskan
5,mati lu
1,selamat hari jumat buat kamu yg selalu bikin rindu ini kumat
4,Entah kenapa gue jijik liat wakil rakyat di DPR apalagi si fadil zonk efekbacaberita Mantan koruptor boleh nyaleg gembel ntar korupsi tiada akhir
6,anak papi yesus tp kelakuan cem iblis sp tu nggg
5,Gue dukung kalo hukum adat potong leher
5,Dua2 MUKA ANJING potong aja leher dua2 nya DASAR ISI KEPALA SAMA DENGAN ISI PANTAT
3,Ketua KPK sekarang sok2 an banget sih Bisa2 nya mau ngelengserin anggota KPK lewat sistem TWK yg ga jelas itu
3,Pemerintah anjingg kontoll cmn bisa meras rakyat kecil
3,bumn pengambil uang rakyat
5,Dari dulu kadrun Sukanya memecah belah persatuan Indonesia Si Edy Mulyadi dan para kroco kroconya itu sebenarnya itu disuruh sama Mafia dan koruptor jaman orba Untuk melindungi harta Karun mereka yang mau diusik oleh pemerintah pusat Mereka ini menggunakan kadrun yang goblok
2,bodoh hahaha
5,Saya tantang Taruhan Potong Leher Bahwa mereka yang koar-koar dan Songong tolak Pemindahan IKN suatu waktu mereka juga akan menginjakan kakinya di Kalimantan Timur Nusantara sebagai Ibukota Negara Nusantara
1,aku terhibur hahahahahahahahahahahaha
1,anjing yallah allahuakbar astagfirullah puji tuhan yesus taalla
5,semoga anda masuk neraka
1,lhaa kaann ancene aku arek e kurang pinter wayah e aku koncoan terus yaa ambk arek e sopo ngerti kecipratan rejeki
0,high
2,ikut quiz tapi berdoanya gg pengen menang bukan gg pengen menang juga sii takut bgt bisa dateng aja takut nyeselll
6,budha gajelas dan bohong
3,jancok polisi jancok
6,ada bumil ga Jadi pengen ngentotin memek bumil yang binal frontal dan suka ngelonte pas suaminya gaada
1,kak mau jugaa
2,tua sekali pak edi tak lulus2 btw2 apa1 dia kalo2 masi wajar
4,Kemarin ahok nyebut bangsat emang ada orangnya yg kelakuannya ngisep darah rakyat Sekarang yg disebut goblog ditanya siapa orangnya malah cuma nuduh1 aja
6,Kya bersih suci sendiri aja kamu TOLOL trs kmu yg teriak muslim udh berbuat apa utk sdra muslim muklo mkn aja msh NGEMIS g usah kopar kapirin org benci boleh GOBLOK JGNUSER
2,Nikmatnya ngentot Pi gengen yg hoot
5,iya jadi gitu ya monyet anjing gua gampar lu lamalama kesel jadinya astaghfirullah haladzim gaboleh ngomong kasar maapin 2x NGENTOT URL
6,pantes kelakuannya gitu toh di agamanya juga ngajarin gitu
3,DI NEGERI INI KITA ADALAH MONYET YANG HIDUP DI TERALIH BESI at
2,orang yang selalu kutuk orang lain pada kita sebenarnya kutuk kita jugak pada orang lain lebih baik kita diam je dan ja
6,Anjir kristen sm katolik tuh apaansih apa coba bedanya kristen sama katolik Tuhannya sama gaksi wkwk kenapa coba ga jadi satu aja
2,abis hs malah meki shaming cowo tolol
6,hindu agama bohong dan buatan
3,kamu bebas mencibir menjelek2kan pemerintah sampai kamu nungging2 muntah2 giliran pemerintah memberi hak rakyat untu
2,Sakitnyaa hati tengok  biadab betul
1,kamu adalah yang ia inginkan untuk menjadi tempat persinggahan terakhir ebesar itu harapannya kepadamu jangan mengecew
3,jokowi badut pdip harus ditumbangkan
4,Tangannya diangkat sambil dborgol Pasti mengucapkan TAKBIR Mulutnya ucap tagbir Tapi hatinya dpenuhi nabsu dajal gua hiro tobat soto babat teroris munarman eks anggota fpi ungkap ide acara baiat isis di makassar berasal dari ceramah habib rizieq
4,Bacot apanya gue ngulang perkataan gue gegara lu budek
0,mau mandi diceramahin dulu sama nyonya besar intinya sama tobat kamu abis iniiap komandan
2,aku rasa ni tak tepat hudud ke atas pencuri tidak dilaksanakan jika terbukti daif miskin tapi tetap dikenakan hukuman tak
6,dasar cina
4,RATU PELAKOR SEJAGAT RAYA DIMANA2 LONTE YA GAK PUNYA MALU YG NGERASA LONTE DISINI TOLONG PUNYA MALU DIKIT
1,mini giveaway berhubung aku ultah aku mau bagi rezeki pulsa 10k like aja mau mutualan boleh bgt doain aku yaa diundi j
0,hyung kamu kanibal kan
3,pemerintah ga bener
3,kawan2 jangan hiraukan oleh pasukan golput yg cuitanya memojokan pasangan capres amp cawapres jokowi amp hk maruf ami
3,pait banget kalo lebaran tahun ini ga pulang lagi gara2 skema tolol pemerintah
1,Subardi mengatakan penegakan hukum harus membawa keadilan dan menjamin stabilitas keamanan sehingga berdampak pada pemulihan ekonomi Penegakan hukum yg baik akan membentuk kultur hukum yg baik sehingga asyarakat lebih dekat dan lebih percaya dengan lembaga penegakan hukum
0,barusan liat tulisan di belakang truk rela injek kopling demi kamu bisa shopping
5,Aduhhh bencong USER nyerang apa cong  Gak kebalik Rumpi deh lonte lanang ini dapur apa cong Yg jelas dong jd banci jangan separo1 kalah sama anaknya duda yg jd designer di LN lo 
2,tolol bgt loccch
3,Kalau diklaim pemerintahnya gagal tangani banjir dan warga miskin meningkat Eksekutif dan Legislatif itu sama1 BEGO
2,kasus haring gairla ketika upporter beringas dan lebih heboh dari pemain bola
1,tolong la hari ni je dah banyak sangat ketawa krem perut aku y allah
3,presiden ga becus urus negara
3,Bupati kontol ini dan seluruh anggota keluarganya yg membiarkan kebiadaban ini yg perlu direparasi otaknya 
6,buat dai yg uka umbar kebencian kita lari dari tv yg isinya kotoran pergi ke majelis yg kita dapet kotoran dibawah ke maje
6,Eh bencong gak usah fitnah fitnah luh ya
0,broimak video ini ribka tjiptaning penulis buku aku bangga jadi anak pki dia setuju pki harus tetap ada yang pasti d
0,SUKU DAYAK mulai melakukan pernyataan keras terhadap EDY MULYADI Penghina TANAH TUMPAH DARAH DAYAK Waspada kau EDY MULYADI Andaikan seluruh BANGSA INDONESIA memiliki keteguhan seperti suku Dayak ini melawan para Kadrun ISIS FPI NEGRI INI LEBIH BERWIBAWA
6,cina ngeselin banget
0,makanya tadi aku kaget lihat teman kabar nya udah menikah dalam hati kamu kapan taarufnya kok sampai ga tercium kabarnya
1,hi rakyat2 ku karena akhirnya uga postelca aku mau give away album love yourself answer ealed versionnya pilih sendiri e
3,hati2 dgn rezim otoriter orde baru yg berupaya bangkit dari kuburnya dgn menebar isu pki dsb jangan buang waktu deba
2,lo siento terparah d amp e juga udh merambat saturday night
0,aku tengok drama cinta bukan kristalatu conversation anak dengan bapak bapak iyeee sekarang semua perempuan n
4,Coba liat bibir mu sayang seperti pantat ayam Wajah mu bulukan seperti kentut perfectoooo
5,Saya akan menyebarkan aibmu
6,Enak tuh kalo muncratnya di dalem memek qm
2,bukan nak kutuk wanita berpurdah matlamat berpurdah taknak diperhati dan elak fitnah kalau hari2 selfie berpurdah ni
4,raisa tuh bukan anak baik kerjaannya aja pulang pagi namanya udah jelek dimana mana iuh
6,Umat islam siapa yg ente mksdFPI HTI Mrk bkn muslim Tp penista islam Bajingan mrk itu Muslim tdk mgkn berbuat onar Pengecut lari dr tgg jwb stlh mesumApa1 islam apa1 islam Giliran mesum apa itu islam Berbuat onar itu islam Mau ganti Pancasila itu islam Bajingan
2,Tangkap para pelaku kebiadaban  dalang pembantaian anggota laskar FPI di KM50 
1,give away time untuk merayakan ulang tahun namjoon dan ulang tahun aku aku adain give away photocard dan juga album lov
5,Block aja lah si bencong asu Kalo cuma main upload screenshot mah gue juga bisa bencong tolol Laki itu ketemu dan adu jotos bukannya malah nyinyir dan upload screenshotan Dasar bencong kontol
3,SUAP dituntut 4 tahun Doang dampaknya merugikan Negara dan Rakyat Habib Rizieq Syihab cuma bilang Saya Sehat tak merugikan siapapun juga Vonisnya 4 tahun JAKSA Bajingan memang Nyata ada di Negeri Indonesia Dimana Letak Keadilan Di Negeri ini Hukum semau Penguasa
0,tolol bgt pasang alarm buat sahur pdhl lg halangan hadue
1,aku dulu lahir di jogja jogja dijuluki kota berhati nyaman pantes aja aku langsung pake hati kalo udah nyaman dikit
4,Nih terakhir aku tanya lagi Itu utang era Jokowi semua bencong Pasti mingkem lagi si gembel warnet banci kaleng
2,ko pon x comel jd apa masalahnya
6, pantes kelakuannya gitu toh di agamanya juga ngajarin gitu
5,Kalau gak menguba peraturan yang menyulitkan masyarakat bakal demo hancurin semua fasilitas yang ada
6,muslim malaysia jangan sombong atau merasa suci kerana tiada tsunami barangkali kita sedang di uji dengan nikmat istidraj
0,kengkawan lama suka cari aku bila nak translate bahasa jawa hahah ingat lagi aku ni anak jawa
3,sungguh ngga punya ide lain cawapres kok modal nge hoax knp aku bilang hoax nanti aku tunjukan bhwa uang 100 ribu bisa bela
3,gak usah jadi pemerintah kalo mentalnya masih suka korupsi
3,pak jokowi dituduh pki dari sebelum jadi presiden sampek sekarang itupun sambil teriak teriak sampek mejen polanya sama
2,penyampaian lo gak pas cuy semua org tau diperkosa atau memperkosa itu emg gabaik tanpa harus bawa agama
2,seharusnya kreativitas para supporter yang membakar semangat para pemain eh malah unjuk kekuatan ampe merenggut ny
1,giveaway karena hari ini umur aku bertambah jadi aku ingin berbagi rules aja dan ucapkan saya wish dan screenshoo
5,Duhhh banci medsos muridnya napi 1 kali di bui ini ya rumpi Bgtxx kayak junjungannya jelas jelas itu elo cong jd bencong mbok ya beradab dikit jangan kayak residivis gitu Mentang1 punya guru mantan residivis 1 kali di bui rumpi bgt
5,Matilo anjing
1,guys today aku nak rekomen kat korang movie2 yg best some of you maybe blm pernah tengok movie tu lagi aku tak berapa pa
4,Norak sihkayak ga ada malunyakl dia bilang terserah diaya udah simpan fotonya gak perlu dibagi kesemua oranglah ini dipamer kemana resiko lah dinyinyiri orang Insecure bangetkudu ya pamer2 gitu biar semua orang ngerti kl si mbaknya udh py pacar yg bisa dipamer2 pantatnyaKampung bgt
4,Usir semua orng fpi hti khilafuck dan ajaran2nya
6,Lebih baik d jajah china dr pada di jajah arab Kebanyakn aturan Kl g jual aja negaranya sm AS biar yg banyak bacot lansung di tebas  Jangan sok suci jangan munafik jd orang koar1 dank bisanya
4,Si amanda mukanya ke tante umur baru berapa tp muka boros banget  dasar cabe  Jujur gua mah kgk suka ama ni haltis
4,Wanita di video mengada2 baru bangun tidur kesiangan jangan2 anggota ormas yg dilarang ada di NKRI sprti HTI FPI PKI dan sejenisnya
0,Ternyata bener kata orang2 skripsi itu bukan cuma seberapa sulit tapi seberapa niat aja 
1,sentiasa ingatkan diri jangan selalu tunjukkan kegembiraan depan orang yang sedang kecewa moga aku sentiasa ingat
1,pilih salah satu yang paling kamu nyaman
0,Sudah sangat jelas ternyata Rijiek berafiliasi dengan ISIS Saksi Sidang Teroris Munarman Eks Anggota FPI Ungkap Ide Acara Baiat ISIS di Makassar Berasal dari Ceramah Habib Rizieq
5,Block aja lah si bencong asu Kalo cuma main upload screenshot mah gue juga bisa bencong tolol Laki itu ketemu dan adu jotos bukannya malah nyinyir dan upload screenshotan vDasar bencong kontol
0,Tak SeIrama Gimna Pengentasan Keadilan Hukum Terwujud
0,kamu juga kan
6,jiahahahhh si bencong idiot galau apa ngeper neh ketauan sering nyebarin berita fitnah maklum sih gw sama bencong turunan gerwani spt elo itu conggak fitnah gak makan kan sama spt kerjaan lo yg suka mangkal di emperan hihihihihihi
2,sange hm mas mainin memek adek dong sayang
3,kereta bandara tuh tai bgt ga si GANGGU JADWAL krl
3,Anak buah dajjal
6,emang kapan Tuhan pernah ikut pilgub sama lari ke arab ya congelo udah bencong otak idiot pula hina banget idup lo ya cong
0,jajanin aku kak
0,Ternyata Ini Rahasia Menghadapi Dosen Pembimbing Agar Skripsi Cepat Kelar 
3,jokowi pembohong
1,ini yang buat aku semakin yakin indonesia akan damai jika di pimpin beliau
4,Wah pasal makar HAM saksi di sidang kasus tindak pidana terorisme Munarman menyebut ide pembaiatan ke kelompok ISIS di Markas FPI muncul dari instruksi ceramah Habib Rizieq
4,Warga Kalimantan dan Polisi di perdaya Kader HTI dan pengacara FPI Mereka Pemecah belah bangsa
4,DISEBUT KAMPUNGAN OLEH NAGITA SLAVINA BEGINI REAKSI AYU TING TING Artis peran Nagita Slavina secara terus terang menyebut aksi goyang dangdut yang dilakukan Ayu Ting Ting kampungan NAGITA SLAVINA AYU TING TING RAFFI AHMAD KAMPUNGAN URL
5,bagaimana sikap kamu jika ada teman kantormu yang bersikap seperti bos pen gw tajong gitu
0,aku nang kampus untuk ngopi ketemu wong2 podo kabeh takok e lapo mengubah sosyeti a
6,Ada akiaki Makan kue pancong Gw kira lakilaki Eh ternyata bencong
1,Sinau Melek Hukum dan Peduli Keadilan 
6,Hanya syetannn lah yg tidak suka mendengar suara adzan dan tidak suka melihat orang berhijab  apa mungkin ibu itu syetan atau keturunan iblis Innalillah  mirisnya
0,kenapa popular weh sorry aku blur x paham mksd hg
4,BITCH YANG LAGI NGOMONG TAI LEDIG KAUM JAHILIYAH HTI FPI PA212 GNPF WAHABI JI ISIS TALIBAN TERORIS RADIKAL DILARANG BACOT DI NEGARA INI TDK SEPAKAT DGN KEMAJUAN NEGRI INI KELUAR DARI NKRI  GITU AJA REPOT 
6,Katanya demi kemanusiaan kemanusiaan milik mayoritas mksdnya
4,Iya betul si vivin tai  Dasar pelakor ngaku alexa alda drpd rico bajingan lo neraka
1,cara nak mintak maaf ada 3 1 aku minta maaf 2 aku mengaku salah aku 3 apa yang boleh aku buat untuk betulkan ba
0,her itu lho miss kevin sama keven rebutan gimbot ya wis aku beli 2 ae sambil nunjuk the twins yg asik main ipad masin
0,iya rep gatau aku masih kelas 4 sd ehh di block
1,hahaa aku juga ga ngerti tadi tp asal jwb aja
1,Terima kasih KEADILAN DAP AMANAH MUDA PEJUANG PSM dan ngo lain yang telah turun berkumpul bersatu hati bagi mendesak pemimpin korup di hukum Ini negara kita Rakyat raja sebenar Kita bangkit dan terus lawan demi Malaysia yg lebih baik
5,diam kamu
5,j kamu jangan macem macem ya aku bakal ngawasin kamu dari sini
5,maksudnya kl lapar haus panik org boleh menjarah haram pak hukumnya itu nyolong babi dlm keadaan darurat bole
2,tolol bgt salah acc
4,lama2 ilfil deh sm ni ertong caption ig story nya ngomongin org mlu org kan jd ambigu nilai si a si b si c udah gt kaya paling di zholimi salahinnya depan lawan dong jgn ngmg di status ah kata nya dewasa
1,jadilah seperti aku
2,menurut kalian foto begini norak apa gak yang salah sebenernya ketidak tahuan tentang menyentuh biota laut salah sat
3,mau ganti presidennya mau apa saja yang digantinya akan percuma jika tak ganti adab dan akhlaq kepada orang tua memulung mun
4,cewe yg bgni yg hrsnya gosong jd abu aja di kebakaran pabrik yg lg viral kmrn tu bnr2 slain ga brguna gda otak cm modal ngangkang trs gebet laki org trs bangga btw klo emg instastory nya buat nyindir sesebini tua mah ehhh at least biar ga becus jd prewi tp becus cuii jd emak buktinya anak nya bejibun trs smua pro ke emaknya drpd bapaknya
0,Ternyata dampak masuk di jurusan yg bukan keinginan diri sendiri itu di saat menyelesaikan tugas akhir skripsi sakit banget Tiap malam gw nangis gw berusaha kuat berusaha ketawa dengan menonton konten BTS_twt gw bingung harus bagaimana banyak rintangan yg gw hadapi skrng
2,sotau dua lusin juga
6,Open Bo Surabaya masih online aja kau sempak akun tipu1 bangsat bajingan kai
0,ini tiga aku satu aja gapunya
2,kutipaya jujur saja heran ya langit dan lautan begitu luasnya kenapa juga ya mesti ke ahokers trus ahokers kan bany
1,mantan kamu yang brengsek itu jangan dilupain justru dijadikan pengingat bahwa kamu pernah salah pilih dan dibego bego
4,Dia kerjaannya ga benar keluar malam terus jadi simpanan om om kali yaa
6,takbir wan sambil lempar bom aloh mubarbar mayat ayat quran timteng bikin muslim radicals tolol tanpa otak
5,ya semoga sampean dan keluarga sampean nga ada yang buka usaha toko trus tiba tiba terjadi bencana eh barang dagangannya dijarah
4,Sebenarnye cocok enji sama att sama sama GATEEEEL hahah pantesan si tongtong dipertemukan dgn enji udh hukum alam klw jodoh kita cerminan diri kita nah si entong hrsnya bekaca dgn masa lalu biar sadar tp teryata otak 1 M tetep mau di pertahankan jd skrg mlh menjadi jadi guatelnye sama aja kek enji hah
3,partai kunyuk
6,Lebih baik d jajah china dr pada di jajah arab Kebanyakn aturan Kl g jual aja negaranya sm AS biar yg banyak bacot lansung di tebas Jangan sok suci jangan munafik jd orang koar1 dank bisanya
1,kepada fresh grad yg tgh cari kerja boleh try amalkan zikir dan semua doa ni alhamdulillah lepas amalkan ni aku pon dpt
3,Lo yang pake nalar lah dongo polisi indo berapa biji doang yang guna sisanya oknum gajelas Belain polisi yang gak bener kerjanya mesti lo salah satu oknumnya ya Hahha GELEUH
1,kalau akhlak mereka lebih baik kenapa engga kalau mereka lebih bisa menghargai melindun
